season,round
2024,6
2025,5
2022,15
2023,7
2023,16
2022,8
2025,7
2022,17
2023,9
2023,18
2024,1
2022,1
2022,10
2025,9
2022,19
2024,22
2023,2
2023,11
2023,20
2022,3
2025,2
2022,12
2025,11
2022,21
2024,15
2024,24
2023,4
2023,13
2022,5
2025,4
2022,14
2024,8
2024,17
2023,6
2022,7
2022,16
2024,10
2024,19
2022,9
2022,18
2024,3
2024,12
2024,21
2023,22
2022,2
2022,11
2024,5
2024,14
2024,23
2023,15
2022,4
2022,13
2024,7
2025,6
2024,16
2023,8
2023,17
2022,6
2024,9
2025,8
2024,18
2023,1
2023,10
2023,19
2024,2
2025,1
2024,11
2025,10
2024,20
2022,20
2023,3
2023,12
2023,21
2024,4
2025,3
2024,13
2025,12
2022,22
2023,5
2023,14
2025,13
2025,14
2025,15
2025,16
2025,17
2025,18
2025,19
2025,20
2025,21
2025,22
2025,23
2025,24
